epoch,train_loss,train_acc,train_f1,val_loss,val_acc,val_f1
1,1.9546748253992732,0.18935864501240912,0.14107319465976617,1.9207662674377888,0.16823406478578892,0.04115717268118103
